fips,cohort_year,sex,race,age_group,off_type,repeat_contact,fe_rate,N_fe_rate,mi_rate,N_mi_rate,inc_rate,N_inc_rate,par_rate,N_par_rate,pro_rate,N_pro_rate,avg_coal_prod,med_coal_prod,tot_coal_prod,first_year,last_year,coal_prod_max,county_pop,peak_coal_prod_year,event_time,log_coal_prod,min_event_time,max_event_time
24001,2009,0,0,0,0,0,1357,72800,6764,72800,,,,,,,105180.75,25491.5,1682892,2000,2017,2065598,72800,2011,-3,14.3360242999909,-12,5
24001,2009,0,0,0,1,0,417,72800,1586,72800,,,,,,,105180.75,25491.5,1682892,2000,2017,2065598,72800,2011,-3,14.3360242999909,-12,5
24001,2009,0,0,0,2,0,647,72800,1954,72800,,,,,,,105180.75,25491.5,1682892,2000,2017,2065598,72800,2011,-3,14.3360242999909,-12,5
24001,2009,0,0,0,3,0,255,72800,1560,72800,,,,,,,105180.75,25491.5,1682892,2000,2017,2065598,72800,2011,-3,14.3360242999909,-12,5
24001,2010,0,0,0,0,0,1334,75000,7013,75000,,,,,,,120883.666666667,29634,1813255,2000,2017,2065598,75000,2011,-2,14.4106341307015,-12,5
24001,2010,0,0,0,1,0,410,75000,1612,75000,,,,,,,120883.666666667,29634,1813255,2000,2017,2065598,75000,2011,-2,14.4106341307015,-12,5
24001,2010,0,0,0,2,0,642,75000,2064,75000,,,,,,,120883.666666667,29634,1813255,2000,2017,2065598,75000,2011,-2,14.4106341307015,-12,5
24001,2010,0,0,0,3,0,233,75000,1589,75000,,,,,,,120883.666666667,29634,1813255,2000,2017,2065598,75000,2011,-2,14.4106341307015,-12,5
24001,2011,0,0,0,0,0,1509,74600,7326,74600,,,,,,,147542.714285714,48075,2065598,2000,2017,2065598,74600,2011,-1,14.5409303308324,-12,5
24001,2011,0,0,0,1,0,455,74600,1707,74600,,,,,,,147542.714285714,48075,2065598,2000,2017,2065598,74600,2011,-1,14.5409303308324,-12,5
24001,2011,0,0,0,2,0,687,74600,2072,74600,,,,,,,147542.714285714,48075,2065598,2000,2017,2065598,74600,2011,-1,14.5409303308324,-12,5
24001,2011,0,0,0,3,0,266,74600,1818,74600,,,,,,,147542.714285714,48075,2065598,2000,2017,2065598,74600,2011,-1,14.5409303308324,-12,5
24001,2012,0,0,0,0,0,1374,74000,7044,74000,,,,,,,113613.076923077,57449,1476970,2000,2017,2065598,74000,2011,0,14.2055032498651,-12,5
24001,2012,0,0,0,1,0,342,74000,1494,74000,,,,,,,113613.076923077,57449,1476970,2000,2017,2065598,74000,2011,0,14.2055032498651,-12,5
24001,2012,0,0,0,2,0,651,74000,2075,74000,,,,,,,113613.076923077,57449,1476970,2000,2017,2065598,74000,2011,0,14.2055032498651,-12,5
24001,2012,0,0,0,3,0,295,74000,1787,74000,,,,,,,113613.076923077,57449,1476970,2000,2017,2065598,74000,2011,0,14.2055032498651,-12,5
24001,2013,0,0,0,0,0,1708,73600,7070,73600,,,,,,,116397.333333333,62962,1396768,2000,2017,2065598,73600,2011,1,14.1496715542976,-12,5
24001,2013,0,0,0,1,0,337,73600,1496,73600,,,,,,,116397.333333333,62962,1396768,2000,2017,2065598,73600,2011,1,14.1496715542976,-12,5
24001,2013,0,0,0,2,0,642,73600,2105,73600,,,,,,,116397.333333333,62962,1396768,2000,2017,2065598,73600,2011,1,14.1496715542976,-12,5
24001,2013,0,0,0,3,0,668,73600,1757,73600,,,,,,,116397.333333333,62962,1396768,2000,2017,2065598,73600,2011,1,14.1496715542976,-12,5
24001,2014,0,0,0,0,0,1508,73100,6178,73100,,,,,,,140546.1,55137.5,1405461,2000,2017,2065598,73100,2011,2,14.1558759208114,-12,5
24001,2014,0,0,0,1,0,239,73100,1191,73100,,,,,,,140546.1,55137.5,1405461,2000,2017,2065598,73100,2011,2,14.1558759208114,-12,5
24001,2014,0,0,0,2,0,602,73100,2077,73100,,,,,,,140546.1,55137.5,1405461,2000,2017,2065598,73100,2011,2,14.1558759208114,-12,5
24001,2014,0,0,0,3,0,596,73100,1548,73100,,,,,,,140546.1,55137.5,1405461,2000,2017,2065598,73100,2011,2,14.1558759208114,-12,5
24001,2015,0,0,0,0,0,1762,72500,6422,72500,,,,,,,112896.3,54911.5,1128963,2000,2017,2065598,72500,2011,3,13.9368100702298,-12,5
24001,2015,0,0,0,1,0,365,72500,1383,72500,,,,,,,112896.3,54911.5,1128963,2000,2017,2065598,72500,2011,3,13.9368100702298,-12,5
24001,2015,0,0,0,2,0,617,72500,2186,72500,,,,,,,112896.3,54911.5,1128963,2000,2017,2065598,72500,2011,3,13.9368100702298,-12,5
24001,2015,0,0,0,3,0,660,72500,1112,72500,,,,,,,112896.3,54911.5,1128963,2000,2017,2065598,72500,2011,3,13.9368100702298,-12,5
24023,2003,0,0,0,0,0,1467,29900,6689,29900,,,,,,,685883,75381,3429415,2000,2017,3872147,29900,2005,-3,15.0479002506603,-6,11
24023,2003,0,0,0,1,0,402,29900,1373,29900,,,,,,,685883,75381,3429415,2000,2017,3872147,29900,2005,-3,15.0479002506603,-6,11
24023,2003,0,0,0,2,0,667,29900,2044,29900,,,,,,,685883,75381,3429415,2000,2017,3872147,29900,2005,-3,15.0479002506603,-6,11
24023,2003,0,0,0,3,0,364,29900,1697,29900,,,,,,,685883,75381,3429415,2000,2017,3872147,29900,2005,-3,15.0479002506603,-6,11
24023,2004,0,0,0,0,0,1458,29800,7027,29800,,,,,,,390703.333333333,34154,3516330,2000,2017,3872147,29800,2005,-2,15.0729283900382,-6,11
24023,2004,0,0,0,1,0,426,29800,1445,29800,,,,,,,390703.333333333,34154,3516330,2000,2017,3872147,29800,2005,-2,15.0729283900382,-6,11
24023,2004,0,0,0,2,0,626,29800,2065,29800,,,,,,,390703.333333333,34154,3516330,2000,2017,3872147,29800,2005,-2,15.0729283900382,-6,11
24023,2004,0,0,0,3,0,348,29800,1729,29800,,,,,,,390703.333333333,34154,3516330,2000,2017,3872147,29800,2005,-2,15.0729283900382,-6,11
24023,2005,0,0,0,0,0,1581,29700,7597,29700,,,,,,,430238.555555556,64138,3872147,2000,2017,3872147,29700,2005,-1,15.169319691534,-6,11
24023,2005,0,0,0,1,0,399,29700,1427,29700,,,,,,,430238.555555556,64138,3872147,2000,2017,3872147,29700,2005,-1,15.169319691534,-6,11
24023,2005,0,0,0,2,0,740,29700,2348,29700,,,,,,,430238.555555556,64138,3872147,2000,2017,3872147,29700,2005,-1,15.169319691534,-6,11
24023,2005,0,0,0,3,0,403,29700,2009,29700,,,,,,,430238.555555556,64138,3872147,2000,2017,3872147,29700,2005,-1,15.169319691534,-6,11
24023,2006,0,0,0,0,0,1622,29700,7744,29700,,,,,,,447782.75,102616,3582262,2000,2017,3872147,29700,2005,0,15.0915050024232,-6,11
24023,2006,0,0,0,1,0,447,29700,1500,29700,,,,,,,447782.75,102616,3582262,2000,2017,3872147,29700,2005,0,15.0915050024232,-6,11
24023,2006,0,0,0,2,0,694,29700,2113,29700,,,,,,,447782.75,102616,3582262,2000,2017,3872147,29700,2005,0,15.0915050024232,-6,11
24023,2006,0,0,0,3,0,447,29700,2158,29700,,,,,,,447782.75,102616,3582262,2000,2017,3872147,29700,2005,0,15.0915050024232,-6,11
24023,2007,0,0,0,0,0,1491,29700,7605,29700,,,,,,,111518.75,62712.5,892150,2000,2017,3872147,29700,2005,1,13.7013895588596,-6,11
24023,2007,0,0,0,1,0,403,29700,1553,29700,,,,,,,111518.75,62712.5,892150,2000,2017,3872147,29700,2005,1,13.7013895588596,-6,11
24023,2007,0,0,0,2,0,712,29700,2205,29700,,,,,,,111518.75,62712.5,892150,2000,2017,3872147,29700,2005,1,13.7013895588596,-6,11
24023,2007,0,0,0,3,0,328,29700,1925,29700,,,,,,,111518.75,62712.5,892150,2000,2017,3872147,29700,2005,1,13.7013895588596,-6,11
24023,2008,0,0,0,0,0,1335,29700,6767,29700,,,,,,,104391.888888889,60148,939527,2000,2017,3872147,29700,2005,2,13.7531318361135,-6,11
24023,2008,0,0,0,1,0,378,29700,1466,29700,,,,,,,104391.888888889,60148,939527,2000,2017,3872147,29700,2005,2,13.7531318361135,-6,11
24023,2008,0,0,0,2,0,631,29700,2035,29700,,,,,,,104391.888888889,60148,939527,2000,2017,3872147,29700,2005,2,13.7531318361135,-6,11
24023,2008,0,0,0,3,0,268,29700,1591,29700,,,,,,,104391.888888889,60148,939527,2000,2017,3872147,29700,2005,2,13.7531318361135,-6,11
24023,2009,0,0,0,0,0,1357,29600,6764,29600,,,,,,,69174.1111111111,16326,622567,2000,2017,3872147,29600,2005,3,13.3416065320513,-6,11
24023,2009,0,0,0,1,0,417,29600,1586,29600,,,,,,,69174.1111111111,16326,622567,2000,2017,3872147,29600,2005,3,13.3416065320513,-6,11
24023,2009,0,0,0,2,0,647,29600,1954,29600,,,,,,,69174.1111111111,16326,622567,2000,2017,3872147,29600,2005,3,13.3416065320513,-6,11
24023,2009,0,0,0,3,0,255,29600,1560,29600,,,,,,,69174.1111111111,16326,622567,2000,2017,3872147,29600,2005,3,13.3416065320513,-6,11
40035,2004,0,0,0,0,0,1062,14900,2585,14900,457,14900,46,14900,,,288382,288382,288382,2000,2020,367804,14900,2006,-3,12.5720412691303,-7,13
40035,2004,0,0,0,1,0,168,14900,184,14900,,,,,,,288382,288382,288382,2000,2020,367804,14900,2006,-3,12.5720412691303,-7,13
40035,2004,0,0,0,2,0,293,14900,1313,14900,,,,,,,288382,288382,288382,2000,2020,367804,14900,2006,-3,12.5720412691303,-7,13
40035,2004,0,0,0,3,0,284,14900,153,14900,,,,,,,288382,288382,288382,2000,2020,367804,14900,2006,-3,12.5720412691303,-7,13
40035,2005,0,0,0,0,0,1050,15000,2217,15000,469,15000,32,15000,,,302499,302499,302499,2000,2020,367804,15000,2006,-2,12.6198332506624,-7,13
40035,2005,0,0,0,1,0,155,15000,190,15000,,,,,,,302499,302499,302499,2000,2020,367804,15000,2006,-2,12.6198332506624,-7,13
40035,2005,0,0,0,2,0,299,15000,983,15000,,,,,,,302499,302499,302499,2000,2020,367804,15000,2006,-2,12.6198332506624,-7,13
40035,2005,0,0,0,3,0,284,15000,149,15000,,,,,,,302499,302499,302499,2000,2020,367804,15000,2006,-2,12.6198332506624,-7,13
40035,2006,0,0,0,0,0,929,15000,2125,15000,503,15000,25,15000,,,367804,367804,367804,2000,2020,367804,15000,2006,-1,12.815305466569,-7,13
40035,2006,0,0,0,1,0,155,15000,184,15000,,,,,,,367804,367804,367804,2000,2020,367804,15000,2006,-1,12.815305466569,-7,13
40035,2006,0,0,0,2,0,277,15000,790,15000,,,,,,,367804,367804,367804,2000,2020,367804,15000,2006,-1,12.815305466569,-7,13
40035,2006,0,0,0,3,0,225,15000,135,15000,,,,,,,367804,367804,367804,2000,2020,367804,15000,2006,-1,12.815305466569,-7,13
40035,2007,0,0,0,0,0,834,15200,1862,15200,506,15200,29,15200,,,298221,298221,298221,2000,2020,367804,15200,2006,0,12.6055901013684,-7,13
40035,2007,0,0,0,1,0,159,15200,138,15200,,,,,,,298221,298221,298221,2000,2020,367804,15200,2006,0,12.6055901013684,-7,13
40035,2007,0,0,0,2,0,214,15200,573,15200,,,,,,,298221,298221,298221,2000,2020,367804,15200,2006,0,12.6055901013684,-7,13
40035,2007,0,0,0,3,0,163,15200,138,15200,,,,,,,298221,298221,298221,2000,2020,367804,15200,2006,0,12.6055901013684,-7,13
40035,2008,0,0,0,0,0,800,15100,1867,15100,521,15100,30,15100,,,260574,260574,260574,2000,2020,367804,15100,2006,1,12.4706421689335,-7,13
40035,2008,0,0,0,1,0,156,15100,169,15100,,,,,,,260574,260574,260574,2000,2020,367804,15100,2006,1,12.4706421689335,-7,13
40035,2008,0,0,0,2,0,223,15100,552,15100,,,,,,,260574,260574,260574,2000,2020,367804,15100,2006,1,12.4706421689335,-7,13
40035,2008,0,0,0,3,0,166,15100,129,15100,,,,,,,260574,260574,260574,2000,2020,367804,15100,2006,1,12.4706421689335,-7,13
40035,2009,0,0,0,0,0,1071,15200,2192,15200,537,15200,35,15200,,,113023,113023,226046,2000,2020,367804,15200,2006,2,12.328493797366,-7,13
40035,2009,0,0,0,1,0,197,15200,169,15200,,,,,,,113023,113023,226046,2000,2020,367804,15200,2006,2,12.328493797366,-7,13
40035,2009,0,0,0,2,0,259,15200,510,15200,,,,,,,113023,113023,226046,2000,2020,367804,15200,2006,2,12.328493797366,-7,13
40035,2009,0,0,0,3,0,309,15200,147,15200,,,,,,,113023,113023,226046,2000,2020,367804,15200,2006,2,12.328493797366,-7,13
40035,2010,0,0,0,0,0,1135,15100,2158,15100,544,15100,25,15100,,,23469,23469,46938,2000,2020,367804,15100,2006,3,10.7565828609131,-7,13
40035,2010,0,0,0,1,0,183,15100,193,15100,,,,,,,23469,23469,46938,2000,2020,367804,15100,2006,3,10.7565828609131,-7,13
40035,2010,0,0,0,2,0,287,15100,399,15100,,,,,,,23469,23469,46938,2000,2020,367804,15100,2006,3,10.7565828609131,-7,13
40035,2010,0,0,0,3,0,366,15100,139,15100,,,,,,,23469,23469,46938,2000,2020,367804,15100,2006,3,10.7565828609131,-7,13
40079,2004,0,0,0,0,0,1273,48600,2359,48600,567,48600,48,48600,,,226359.5,216467.5,905438,2000,2018,1059247,48600,2006,-3,13.7161740835031,-7,11
40079,2004,0,0,0,1,0,134,48600,228,48600,,,,,,,226359.5,216467.5,905438,2000,2018,1059247,48600,2006,-3,13.7161740835031,-7,11
40079,2004,0,0,0,2,0,381,48600,785,48600,,,,,,,226359.5,216467.5,905438,2000,2018,1059247,48600,2006,-3,13.7161740835031,-7,11
40079,2004,0,0,0,3,0,515,48600,123,48600,,,,,,,226359.5,216467.5,905438,2000,2018,1059247,48600,2006,-3,13.7161740835031,-7,11
40079,2005,0,0,0,0,0,1232,48900,2105,48900,575,48900,32,48900,,,186389.8,53263,931949,2000,2018,1059247,48900,2006,-2,13.7450333711404,-7,11
40079,2005,0,0,0,1,0,141,48900,268,48900,,,,,,,186389.8,53263,931949,2000,2018,1059247,48900,2006,-2,13.7450333711404,-7,11
40079,2005,0,0,0,2,0,401,48900,533,48900,,,,,,,186389.8,53263,931949,2000,2018,1059247,48900,2006,-2,13.7450333711404,-7,11
40079,2005,0,0,0,3,0,469,48900,108,48900,,,,,,,186389.8,53263,931949,2000,2018,1059247,48900,2006,-2,13.7450333711404,-7,11
40079,2006,0,0,0,0,0,1042,49200,2283,49200,566,49200,36,49200,,,176541.166666667,122180.5,1059247,2000,2018,1059247,49200,2006,-1,13.8730688362922,-7,11
40079,2006,0,0,0,1,0,194,49200,282,49200,,,,,,,176541.166666667,122180.5,1059247,2000,2018,1059247,49200,2006,-1,13.8730688362922,-7,11
40079,2006,0,0,0,2,0,309,49200,721,49200,,,,,,,176541.166666667,122180.5,1059247,2000,2018,1059247,49200,2006,-1,13.8730688362922,-7,11
40079,2006,0,0,0,3,0,318,49200,75,49200,,,,,,,176541.166666667,122180.5,1059247,2000,2018,1059247,49200,2006,-1,13.8730688362922,-7,11
40079,2007,0,0,0,0,0,977,49600,2839,49600,521,49600,27,49600,,,196613.2,94675,983066,2000,2018,1059247,49600,2006,0,13.7984315382793,-7,11
40079,2007,0,0,0,1,0,167,49600,328,49600,,,,,,,196613.2,94675,983066,2000,2018,1059247,49600,2006,0,13.7984315382793,-7,11
40079,2007,0,0,0,2,0,266,49600,711,49600,,,,,,,196613.2,94675,983066,2000,2018,1059247,49600,2006,0,13.7984315382793,-7,11
40079,2007,0,0,0,3,0,318,49600,211,49600,,,,,,,196613.2,94675,983066,2000,2018,1059247,49600,2006,0,13.7984315382793,-7,11
40079,2008,0,0,0,0,0,1020,49900,2508,49900,530,49900,37,49900,,,287976.666666667,231938,863930,2000,2018,1059247,49900,2006,1,13.6692470259855,-7,11
40079,2008,0,0,0,1,0,198,49900,212,49900,,,,,,,287976.666666667,231938,863930,2000,2018,1059247,49900,2006,1,13.6692470259855,-7,11
40079,2008,0,0,0,2,0,316,49900,769,49900,,,,,,,287976.666666667,231938,863930,2000,2018,1059247,49900,2006,1,13.6692470259855,-7,11
40079,2008,0,0,0,3,0,269,49900,141,49900,,,,,,,287976.666666667,231938,863930,2000,2018,1059247,49900,2006,1,13.6692470259855,-7,11
40079,2009,0,0,0,0,0,1017,50100,2689,50100,515,50100,30,50100,,,133658.25,57633.5,534633,2000,2018,1059247,50100,2006,2,13.1893358091769,-7,11
40079,2009,0,0,0,1,0,205,50100,218,50100,,,,,,,133658.25,57633.5,534633,2000,2018,1059247,50100,2006,2,13.1893358091769,-7,11
40079,2009,0,0,0,2,0,312,50100,732,50100,,,,,,,133658.25,57633.5,534633,2000,2018,1059247,50100,2006,2,13.1893358091769,-7,11
40079,2009,0,0,0,3,0,273,50100,157,50100,,,,,,,133658.25,57633.5,534633,2000,2018,1059247,50100,2006,2,13.1893358091769,-7,11
40079,2010,0,0,0,0,0,934,50500,2519,50500,520,50500,23,50500,,,200092.666666667,206387,600278,2000,2018,1059247,50500,2006,3,13.3051481602259,-7,11
40079,2010,0,0,0,1,0,172,50500,239,50500,,,,,,,200092.666666667,206387,600278,2000,2018,1059247,50500,2006,3,13.3051481602259,-7,11
40079,2010,0,0,0,2,0,268,50500,605,50500,,,,,,,200092.666666667,206387,600278,2000,2018,1059247,50500,2006,3,13.3051481602259,-7,11
40079,2010,0,0,0,3,0,305,50500,141,50500,,,,,,,200092.666666667,206387,600278,2000,2018,1059247,50500,2006,3,13.3051481602259,-7,11
40105,2009,0,0,0,0,0,1218,10500,2334,10500,650,10500,38,10500,,,22814,22814,22814,2006,2017,254087,10500,2011,-3,10.0351296615878,-6,5
40105,2009,0,0,0,1,0,205,10500,264,10500,,,,,,,22814,22814,22814,2006,2017,254087,10500,2011,-3,10.0351296615878,-6,5
40105,2009,0,0,0,2,0,306,10500,468,10500,,,,,,,22814,22814,22814,2006,2017,254087,10500,2011,-3,10.0351296615878,-6,5
40105,2009,0,0,0,3,0,362,10500,272,10500,,,,,,,22814,22814,22814,2006,2017,254087,10500,2011,-3,10.0351296615878,-6,5
40105,2010,0,0,0,0,0,1206,10500,2024,10500,626,10500,30,10500,,,212817,212817,212817,2006,2017,254087,10500,2011,-2,12.2681879204769,-6,5
40105,2010,0,0,0,1,0,211,10500,248,10500,,,,,,,212817,212817,212817,2006,2017,254087,10500,2011,-2,12.2681879204769,-6,5
40105,2010,0,0,0,2,0,297,10500,391,10500,,,,,,,212817,212817,212817,2006,2017,254087,10500,2011,-2,12.2681879204769,-6,5
40105,2010,0,0,0,3,0,351,10500,228,10500,,,,,,,212817,212817,212817,2006,2017,254087,10500,2011,-2,12.2681879204769,-6,5
40105,2011,0,0,0,0,0,1184,10600,1879,10600,632,10600,37,10600,,,254087,254087,254087,2006,2017,254087,10600,2011,-1,12.4454320070392,-6,5
40105,2011,0,0,0,1,0,186,10600,243,10600,,,,,,,254087,254087,254087,2006,2017,254087,10600,2011,-1,12.4454320070392,-6,5
40105,2011,0,0,0,2,0,320,10600,326,10600,,,,,,,254087,254087,254087,2006,2017,254087,10600,2011,-1,12.4454320070392,-6,5
40105,2011,0,0,0,3,0,325,10600,200,10600,,,,,,,254087,254087,254087,2006,2017,254087,10600,2011,-1,12.4454320070392,-6,5
40105,2012,0,0,0,0,0,1145,10600,1760,10600,697,10600,,,,,253630,253630,253630,2006,2017,254087,10600,2011,0,12.4436317910787,-6,5
40105,2012,0,0,0,1,0,189,10600,224,10600,,,,,,,253630,253630,253630,2006,2017,254087,10600,2011,0,12.4436317910787,-6,5
40105,2012,0,0,0,2,0,335,10600,317,10600,,,,,,,253630,253630,253630,2006,2017,254087,10600,2011,0,12.4436317910787,-6,5
40105,2012,0,0,0,3,0,296,10600,197,10600,,,,,,,253630,253630,253630,2006,2017,254087,10600,2011,0,12.4436317910787,-6,5
40105,2013,0,0,0,0,0,1186,10600,1681,10600,693,10600,,,,,240140,240140,240140,2006,2017,254087,10600,2011,1,12.3889773655847,-6,5
40105,2013,0,0,0,1,0,187,10600,217,10600,,,,,,,240140,240140,240140,2006,2017,254087,10600,2011,1,12.3889773655847,-6,5
40105,2013,0,0,0,2,0,340,10600,315,10600,,,,,,,240140,240140,240140,2006,2017,254087,10600,2011,1,12.3889773655847,-6,5
40105,2013,0,0,0,3,0,334,10600,207,10600,,,,,,,240140,240140,240140,2006,2017,254087,10600,2011,1,12.3889773655847,-6,5
40105,2014,0,0,0,0,0,1219,10500,1701,10500,772,10500,28,10500,,,249330,249330,249330,2006,2017,254087,10500,2011,2,12.4265325992152,-6,5
40105,2014,0,0,0,1,0,189,10500,229,10500,,,,,,,249330,249330,249330,2006,2017,254087,10500,2011,2,12.4265325992152,-6,5
40105,2014,0,0,0,2,0,335,10500,329,10500,,,,,,,249330,249330,249330,2006,2017,254087,10500,2011,2,12.4265325992152,-6,5
40105,2014,0,0,0,3,0,355,10500,199,10500,,,,,,,249330,249330,249330,2006,2017,254087,10500,2011,2,12.4265325992152,-6,5
40105,2015,0,0,0,0,0,1327,10500,1602,10500,807,10500,23,10500,,,190909,190909,190909,2006,2017,254087,10500,2011,3,12.1595521537047,-6,5
40105,2015,0,0,0,1,0,205,10500,221,10500,,,,,,,190909,190909,190909,2006,2017,254087,10500,2011,3,12.1595521537047,-6,5
40105,2015,0,0,0,2,0,347,10500,282,10500,,,,,,,190909,190909,190909,2006,2017,254087,10500,2011,3,12.1595521537047,-6,5
40105,2015,0,0,0,3,0,418,10500,213,10500,,,,,,,190909,190909,190909,2006,2017,254087,10500,2011,3,12.1595521537047,-6,5
40111,2002,0,0,0,0,0,866,39500,1819,39500,618,39500,67,39500,,,2911,2911,2911,2000,2020,4960,39500,2004,-3,7.97625194374562,-5,15
40111,2002,0,0,0,1,0,157,39500,189,39500,,,,,,,2911,2911,2911,2000,2020,4960,39500,2004,-3,7.97625194374562,-5,15
40111,2002,0,0,0,2,0,268,39500,409,39500,,,,,,,2911,2911,2911,2000,2020,4960,39500,2004,-3,7.97625194374562,-5,15
40111,2002,0,0,0,3,0,181,39500,119,39500,,,,,,,2911,2911,2911,2000,2020,4960,39500,2004,-3,7.97625194374562,-5,15
40111,2003,0,0,0,0,0,794,39600,1877,39600,609,39600,61,39600,,,3229,3229,3229,2000,2020,4960,39600,2004,-2,8.07992777075828,-5,15
40111,2003,0,0,0,1,0,140,39600,194,39600,,,,,,,3229,3229,3229,2000,2020,4960,39600,2004,-2,8.07992777075828,-5,15
40111,2003,0,0,0,2,0,236,39600,505,39600,,,,,,,3229,3229,3229,2000,2020,4960,39600,2004,-2,8.07992777075828,-5,15
40111,2003,0,0,0,3,0,192,39600,146,39600,,,,,,,3229,3229,3229,2000,2020,4960,39600,2004,-2,8.07992777075828,-5,15
40111,2004,0,0,0,0,0,810,39600,1843,39600,620,39600,52,39600,,,4960,4960,4960,2000,2020,4960,39600,2004,-1,8.50916101971897,-5,15
40111,2004,0,0,0,1,0,132,39600,237,39600,,,,,,,4960,4960,4960,2000,2020,4960,39600,2004,-1,8.50916101971897,-5,15
40111,2004,0,0,0,2,0,247,39600,471,39600,,,,,,,4960,4960,4960,2000,2020,4960,39600,2004,-1,8.50916101971897,-5,15
40111,2004,0,0,0,3,0,193,39600,152,39600,,,,,,,4960,4960,4960,2000,2020,4960,39600,2004,-1,8.50916101971897,-5,15
40111,2005,0,0,0,0,0,875,39300,1560,39300,612,39300,46,39300,,,4875,4875,4875,2000,2020,4960,39300,2004,0,8.49187538343195,-5,15
40111,2005,0,0,0,1,0,138,39300,178,39300,,,,,,,4875,4875,4875,2000,2020,4960,39300,2004,0,8.49187538343195,-5,15
40111,2005,0,0,0,2,0,341,39300,460,39300,,,,,,,4875,4875,4875,2000,2020,4960,39300,2004,0,8.49187538343195,-5,15
40111,2005,0,0,0,3,0,199,39300,154,39300,,,,,,,4875,4875,4875,2000,2020,4960,39300,2004,0,8.49187538343195,-5,15
40111,2006,0,0,0,0,0,879,39200,1567,39200,632,39200,21,39200,,,4194,4194,4194,2000,2020,4960,39200,2004,1,8.34141021146187,-5,15
40111,2006,0,0,0,1,0,158,39200,160,39200,,,,,,,4194,4194,4194,2000,2020,4960,39200,2004,1,8.34141021146187,-5,15
40111,2006,0,0,0,2,0,310,39200,486,39200,,,,,,,4194,4194,4194,2000,2020,4960,39200,2004,1,8.34141021146187,-5,15
40111,2006,0,0,0,3,0,207,39200,101,39200,,,,,,,4194,4194,4194,2000,2020,4960,39200,2004,1,8.34141021146187,-5,15
40111,2007,0,0,0,0,0,809,39300,1590,39300,622,39300,36,39300,,,693,693,693,2000,2020,4960,39300,2004,2,6.5410299991899,-5,15
40111,2007,0,0,0,1,0,162,39300,173,39300,,,,,,,693,693,693,2000,2020,4960,39300,2004,2,6.5410299991899,-5,15
40111,2007,0,0,0,2,0,243,39300,513,39300,,,,,,,693,693,693,2000,2020,4960,39300,2004,2,6.5410299991899,-5,15
40111,2007,0,0,0,3,0,174,39300,126,39300,,,,,,,693,693,693,2000,2020,4960,39300,2004,2,6.5410299991899,-5,15
40111,2008,0,0,0,0,0,855,39100,1700,39100,630,39100,32,39100,,,1172,1172,1172,2000,2020,4960,39100,2004,3,7.06646697013696,-5,15
40111,2008,0,0,0,1,0,138,39100,140,39100,,,,,,,1172,1172,1172,2000,2020,4960,39100,2004,3,7.06646697013696,-5,15
40111,2008,0,0,0,2,0,303,39100,542,39100,,,,,,,1172,1172,1172,2000,2020,4960,39100,2004,3,7.06646697013696,-5,15
40111,2008,0,0,0,3,0,157,39100,125,39100,,,,,,,1172,1172,1172,2000,2020,4960,39100,2004,3,7.06646697013696,-5,15
42021,2011,0,0,0,0,0,1199,143000,4937,143000,230,143000,,,,,98248.5,10497.5,1375479,2000,2021,1511427,143000,2013,-3,14.1343125920546,-14,7
42021,2011,0,0,0,1,0,240,143000,947,143000,,,,,,,98248.5,10497.5,1375479,2000,2021,1511427,143000,2013,-3,14.1343125920546,-14,7
42021,2011,0,0,0,2,0,596,143000,1133,143000,,,,,,,98248.5,10497.5,1375479,2000,2021,1511427,143000,2013,-3,14.1343125920546,-14,7
42021,2011,0,0,0,3,0,240,143000,643,143000,,,,,,,98248.5,10497.5,1375479,2000,2021,1511427,143000,2013,-3,14.1343125920546,-14,7
42021,2012,0,0,0,0,0,1109,142000,5006,142000,225,142000,,,,,102569.846153846,18294,1333408,2000,2021,1511427,142000,2013,-2,14.1032486288481,-14,7
42021,2012,0,0,0,1,0,285,142000,971,142000,,,,,,,102569.846153846,18294,1333408,2000,2021,1511427,142000,2013,-2,14.1032486288481,-14,7
42021,2012,0,0,0,2,0,536,142000,1022,142000,,,,,,,102569.846153846,18294,1333408,2000,2021,1511427,142000,2013,-2,14.1032486288481,-14,7
42021,2012,0,0,0,3,0,148,142000,694,142000,,,,,,,102569.846153846,18294,1333408,2000,2021,1511427,142000,2013,-2,14.1032486288481,-14,7
42021,2013,0,0,0,0,0,1172,139000,4984,139000,215,139000,,,,,116263.615384615,33617,1511427,2000,2021,1511427,139000,2013,-1,14.228564795641,-14,7
42021,2013,0,0,0,1,0,236,139000,924,139000,,,,,,,116263.615384615,33617,1511427,2000,2021,1511427,139000,2013,-1,14.228564795641,-14,7
42021,2013,0,0,0,2,0,567,139000,1054,139000,,,,,,,116263.615384615,33617,1511427,2000,2021,1511427,139000,2013,-1,14.228564795641,-14,7
42021,2013,0,0,0,3,0,238,139000,749,139000,,,,,,,116263.615384615,33617,1511427,2000,2021,1511427,139000,2013,-1,14.228564795641,-14,7
42021,2014,0,0,0,0,0,1289,138000,5817,138000,230,138000,,,,,91963.4166666667,19720.5,1103561,2000,2021,1511427,138000,2013,0,13.9140527818099,-14,7
42021,2014,0,0,0,1,0,215,138000,909,138000,,,,,,,91963.4166666667,19720.5,1103561,2000,2021,1511427,138000,2013,0,13.9140527818099,-14,7
42021,2014,0,0,0,2,0,639,138000,1057,138000,,,,,,,91963.4166666667,19720.5,1103561,2000,2021,1511427,138000,2013,0,13.9140527818099,-14,7
42021,2014,0,0,0,3,0,289,138000,1004,138000,,,,,,,91963.4166666667,19720.5,1103561,2000,2021,1511427,138000,2013,0,13.9140527818099,-14,7
42021,2015,0,0,0,0,0,1134,136000,5670,136000,236,136000,,,,,84726.5,18619,847265,2000,2021,1511427,136000,2013,1,13.6497687936501,-14,7
42021,2015,0,0,0,1,0,209,136000,914,136000,,,,,,,84726.5,18619,847265,2000,2021,1511427,136000,2013,1,13.6497687936501,-14,7
42021,2015,0,0,0,2,0,588,136000,1021,136000,,,,,,,84726.5,18619,847265,2000,2021,1511427,136000,2013,1,13.6497687936501,-14,7
42021,2015,0,0,0,3,0,214,136000,863,136000,,,,,,,84726.5,18619,847265,2000,2021,1511427,136000,2013,1,13.6497687936501,-14,7
42021,2016,0,0,0,0,0,1215,135000,5083,135000,242,135000,,,,,75278.5555555556,30170,677507,2000,2021,1511427,135000,2013,2,13.4261751637859,-14,7
42021,2016,0,0,0,1,0,175,135000,833,135000,,,,,,,75278.5555555556,30170,677507,2000,2021,1511427,135000,2013,2,13.4261751637859,-14,7
42021,2016,0,0,0,2,0,613,135000,936,135000,,,,,,,75278.5555555556,30170,677507,2000,2021,1511427,135000,2013,2,13.4261751637859,-14,7
42021,2016,0,0,0,3,0,265,135000,828,135000,,,,,,,75278.5555555556,30170,677507,2000,2021,1511427,135000,2013,2,13.4261751637859,-14,7
42021,2017,0,0,0,0,0,1193,133000,5159,133000,262,133000,,,,,119406.555555556,24116,1074659,2000,2021,1511427,133000,2013,3,13.8875139599201,-14,7
42021,2017,0,0,0,1,0,244,133000,953,133000,,,,,,,119406.555555556,24116,1074659,2000,2021,1511427,133000,2013,3,13.8875139599201,-14,7
42021,2017,0,0,0,2,0,565,133000,810,133000,,,,,,,119406.555555556,24116,1074659,2000,2021,1511427,133000,2013,3,13.8875139599201,-14,7
42021,2017,0,0,0,3,0,234,133000,774,133000,,,,,,,119406.555555556,24116,1074659,2000,2021,1511427,133000,2013,3,13.8875139599201,-14,7
42107,2010,0,0,0,0,0,836,148000,4057,148000,285,148000,,,,,16032.7205882353,2869,1090225,2000,2021,1493720,148000,2012,-3,13.9018946549216,-13,8
42107,2010,0,0,0,1,0,186,148000,833,148000,,,,,,,16032.7205882353,2869,1090225,2000,2021,1493720,148000,2012,-3,13.9018946549216,-13,8
42107,2010,0,0,0,2,0,406,148000,748,148000,,,,,,,16032.7205882353,2869,1090225,2000,2021,1493720,148000,2012,-3,13.9018946549216,-13,8
42107,2010,0,0,0,3,0,181,148000,557,148000,,,,,,,16032.7205882353,2869,1090225,2000,2021,1493720,148000,2012,-3,13.9018946549216,-13,8
42107,2011,0,0,0,0,0,787,148000,3543,148000,272,148000,,,,,20244.671641791,2945,1356393,2000,2021,1493720,148000,2012,-2,14.1203395285008,-13,8
42107,2011,0,0,0,1,0,157,148000,769,148000,,,,,,,20244.671641791,2945,1356393,2000,2021,1493720,148000,2012,-2,14.1203395285008,-13,8
42107,2011,0,0,0,2,0,403,148000,710,148000,,,,,,,20244.671641791,2945,1356393,2000,2021,1493720,148000,2012,-2,14.1203395285008,-13,8
42107,2011,0,0,0,3,0,157,148000,498,148000,,,,,,,20244.671641791,2945,1356393,2000,2021,1493720,148000,2012,-2,14.1203395285008,-13,8
42107,2012,0,0,0,0,0,902,147000,3807,147000,267,147000,,,,,22980.3076923077,5094,1493720,2000,2021,1493720,147000,2012,-1,14.2167802107783,-13,8
42107,2012,0,0,0,1,0,176,147000,834,147000,,,,,,,22980.3076923077,5094,1493720,2000,2021,1493720,147000,2012,-1,14.2167802107783,-13,8
42107,2012,0,0,0,2,0,471,147000,797,147000,,,,,,,22980.3076923077,5094,1493720,2000,2021,1493720,147000,2012,-1,14.2167802107783,-13,8
42107,2012,0,0,0,3,0,171,147000,530,147000,,,,,,,22980.3076923077,5094,1493720,2000,2021,1493720,147000,2012,-1,14.2167802107783,-13,8
42107,2013,0,0,0,0,0,974,147000,3982,147000,269,147000,,,,,19772.890625,3931.5,1265465,2000,2021,1493720,147000,2012,0,14.0509502015323,-13,8
42107,2013,0,0,0,1,0,195,147000,765,147000,,,,,,,19772.890625,3931.5,1265465,2000,2021,1493720,147000,2012,0,14.0509502015323,-13,8
42107,2013,0,0,0,2,0,505,147000,927,147000,,,,,,,19772.890625,3931.5,1265465,2000,2021,1493720,147000,2012,0,14.0509502015323,-13,8
42107,2013,0,0,0,3,0,185,147000,622,147000,,,,,,,19772.890625,3931.5,1265465,2000,2021,1493720,147000,2012,0,14.0509502015323,-13,8
42107,2014,0,0,0,0,0,979,145000,4591,145000,279,145000,,,,,18668.5254237288,2952,1101443,2000,2021,1493720,145000,2012,1,13.9121316962687,-13,8
42107,2014,0,0,0,1,0,173,145000,838,145000,,,,,,,18668.5254237288,2952,1101443,2000,2021,1493720,145000,2012,1,13.9121316962687,-13,8
42107,2014,0,0,0,2,0,474,145000,977,145000,,,,,,,18668.5254237288,2952,1101443,2000,2021,1493720,145000,2012,1,13.9121316962687,-13,8
42107,2014,0,0,0,3,0,230,145000,906,145000,,,,,,,18668.5254237288,2952,1101443,2000,2021,1493720,145000,2012,1,13.9121316962687,-13,8
42107,2015,0,0,0,0,0,1245,144000,5357,144000,271,144000,,,,,18267.8392857143,2054,1022999,2000,2021,1493720,144000,2012,2,13.8382490674162,-13,8
42107,2015,0,0,0,1,0,243,144000,958,144000,,,,,,,18267.8392857143,2054,1022999,2000,2021,1493720,144000,2012,2,13.8382490674162,-13,8
42107,2015,0,0,0,2,0,583,144000,975,144000,,,,,,,18267.8392857143,2054,1022999,2000,2021,1493720,144000,2012,2,13.8382490674162,-13,8
42107,2015,0,0,0,3,0,263,144000,1257,144000,,,,,,,18267.8392857143,2054,1022999,2000,2021,1493720,144000,2012,2,13.8382490674162,-13,8
42107,2016,0,0,0,0,0,1200,143000,5091,143000,317,143000,,,,,18251.8775510204,3097,894342,2000,2021,1493720,143000,2012,3,13.7038435313375,-13,8
42107,2016,0,0,0,1,0,210,143000,838,143000,,,,,,,18251.8775510204,3097,894342,2000,2021,1493720,143000,2012,3,13.7038435313375,-13,8
42107,2016,0,0,0,2,0,542,143000,914,143000,,,,,,,18251.8775510204,3097,894342,2000,2021,1493720,143000,2012,3,13.7038435313375,-13,8
42107,2016,0,0,0,3,0,300,143000,1289,143000,,,,,,,18251.8775510204,3097,894342,2000,2021,1493720,143000,2012,3,13.7038435313375,-13,8
42111,2009,0,0,0,0,0,527,77300,2473,77300,266,77300,,,,,126506.366666667,63489,3795191,2000,2021,5558878,77300,2011,-3,15.1492452969262,-12,9
42111,2009,0,0,0,1,0,157,77300,471,77300,,,,,,,126506.366666667,63489,3795191,2000,2021,5558878,77300,2011,-3,15.1492452969262,-12,9
42111,2009,0,0,0,2,0,256,77300,501,77300,,,,,,,126506.366666667,63489,3795191,2000,2021,5558878,77300,2011,-3,15.1492452969262,-12,9
42111,2009,0,0,0,3,0,86,77300,206,77300,,,,,,,126506.366666667,63489,3795191,2000,2021,5558878,77300,2011,-3,15.1492452969262,-12,9
42111,2010,0,0,0,0,0,563,77800,2590,77800,277,77800,,,,,175791.35483871,23040,5449532,2000,2021,5558878,77800,2011,-2,15.5110402913926,-12,9
42111,2010,0,0,0,1,0,137,77800,459,77800,,,,,,,175791.35483871,23040,5449532,2000,2021,5558878,77800,2011,-2,15.5110402913926,-12,9
42111,2010,0,0,0,2,0,314,77800,552,77800,,,,,,,175791.35483871,23040,5449532,2000,2021,5558878,77800,2011,-2,15.5110402913926,-12,9
42111,2010,0,0,0,3,0,65,77800,213,77800,,,,,,,175791.35483871,23040,5449532,2000,2021,5558878,77800,2011,-2,15.5110402913926,-12,9
42111,2011,0,0,0,0,0,738,77300,2918,77300,276,77300,,,,,168450.848484849,26239,5558878,2000,2021,5558878,77300,2011,-1,15.5309068473015,-12,9
42111,2011,0,0,0,1,0,151,77300,556,77300,,,,,,,168450.848484849,26239,5558878,2000,2021,5558878,77300,2011,-1,15.5309068473015,-12,9
42111,2011,0,0,0,2,0,441,77300,660,77300,,,,,,,168450.848484849,26239,5558878,2000,2021,5558878,77300,2011,-1,15.5309068473015,-12,9
42111,2011,0,0,0,3,0,98,77300,263,77300,,,,,,,168450.848484849,26239,5558878,2000,2021,5558878,77300,2011,-1,15.5309068473015,-12,9
42111,2012,0,0,0,0,0,667,77000,3072,77000,312,77000,,,,,136882.066666667,53039,4106462,2000,2021,5558878,77000,2011,0,15.2280723884973,-12,9
42111,2012,0,0,0,1,0,143,77000,603,77000,,,,,,,136882.066666667,53039,4106462,2000,2021,5558878,77000,2011,0,15.2280723884973,-12,9
42111,2012,0,0,0,2,0,385,77000,692,77000,,,,,,,136882.066666667,53039,4106462,2000,2021,5558878,77000,2011,0,15.2280723884973,-12,9
42111,2012,0,0,0,3,0,85,77000,336,77000,,,,,,,136882.066666667,53039,4106462,2000,2021,5558878,77000,2011,0,15.2280723884973,-12,9
42111,2013,0,0,0,0,0,710,76600,3290,76600,299,76600,,,,,93126.3333333333,26804,3352548,2000,2021,5558878,76600,2011,1,15.0252312117089,-12,9
42111,2013,0,0,0,1,0,126,76600,581,76600,,,,,,,93126.3333333333,26804,3352548,2000,2021,5558878,76600,2011,1,15.0252312117089,-12,9
42111,2013,0,0,0,2,0,371,76600,612,76600,,,,,,,93126.3333333333,26804,3352548,2000,2021,5558878,76600,2011,1,15.0252312117089,-12,9
42111,2013,0,0,0,3,0,149,76600,402,76600,,,,,,,93126.3333333333,26804,3352548,2000,2021,5558878,76600,2011,1,15.0252312117089,-12,9
42111,2014,0,0,0,0,0,758,76200,3371,76200,317,76200,,,,,78116.945945946,13446,2890327,2000,2021,5558878,76200,2011,2,14.8768802024767,-12,9
42111,2014,0,0,0,1,0,130,76200,561,76200,,,,,,,78116.945945946,13446,2890327,2000,2021,5558878,76200,2011,2,14.8768802024767,-12,9
42111,2014,0,0,0,2,0,381,76200,648,76200,,,,,,,78116.945945946,13446,2890327,2000,2021,5558878,76200,2011,2,14.8768802024767,-12,9
42111,2014,0,0,0,3,0,157,76200,401,76200,,,,,,,78116.945945946,13446,2890327,2000,2021,5558878,76200,2011,2,14.8768802024767,-12,9
42111,2015,0,0,0,0,0,838,75400,3682,75400,335,75400,,,,,75920.962962963,14193,2049866,2000,2021,5558878,75400,2011,3,14.5332849831245,-12,9
42111,2015,0,0,0,1,0,143,75400,619,75400,,,,,,,75920.962962963,14193,2049866,2000,2021,5558878,75400,2011,3,14.5332849831245,-12,9
42111,2015,0,0,0,2,0,402,75400,615,75400,,,,,,,75920.962962963,14193,2049866,2000,2021,5558878,75400,2011,3,14.5332849831245,-12,9
42111,2015,0,0,0,3,0,168,75400,538,75400,,,,,,,75920.962962963,14193,2049866,2000,2021,5558878,75400,2011,3,14.5332849831245,-12,9
42125,2012,0,0,0,0,0,804,208000,4561,208000,232,208000,,,,,2519429,249074.5,10077716,2000,2021,14384985,208000,2014,-3,16.1258372076311,-15,6
42125,2012,0,0,0,1,0,194,208000,728,208000,,,,,,,2519429,249074.5,10077716,2000,2021,14384985,208000,2014,-3,16.1258372076311,-15,6
42125,2012,0,0,0,2,0,396,208000,694,208000,,,,,,,2519429,249074.5,10077716,2000,2021,14384985,208000,2014,-3,16.1258372076311,-15,6
42125,2012,0,0,0,3,0,142,208000,807,208000,,,,,,,2519429,249074.5,10077716,2000,2021,14384985,208000,2014,-3,16.1258372076311,-15,6
42125,2013,0,0,0,0,0,879,208000,4371,208000,214,208000,,,,,2692667.75,279990.5,10770671,2000,2021,14384985,208000,2014,-2,16.1923373498845,-15,6
42125,2013,0,0,0,1,0,176,208000,719,208000,,,,,,,2692667.75,279990.5,10770671,2000,2021,14384985,208000,2014,-2,16.1923373498845,-15,6
42125,2013,0,0,0,2,0,438,208000,764,208000,,,,,,,2692667.75,279990.5,10770671,2000,2021,14384985,208000,2014,-2,16.1923373498845,-15,6
42125,2013,0,0,0,3,0,168,208000,770,208000,,,,,,,2692667.75,279990.5,10770671,2000,2021,14384985,208000,2014,-2,16.1923373498845,-15,6
42125,2014,0,0,0,0,0,933,208000,4933,208000,222,208000,,,,,2397497.5,265341.5,14384985,2000,2021,14384985,208000,2014,-1,16.4816955122144,-15,6
42125,2014,0,0,0,1,0,184,208000,758,208000,,,,,,,2397497.5,265341.5,14384985,2000,2021,14384985,208000,2014,-1,16.4816955122144,-15,6
42125,2014,0,0,0,2,0,459,208000,781,208000,,,,,,,2397497.5,265341.5,14384985,2000,2021,14384985,208000,2014,-1,16.4816955122144,-15,6
42125,2014,0,0,0,3,0,201,208000,1032,208000,,,,,,,2397497.5,265341.5,14384985,2000,2021,14384985,208000,2014,-1,16.4816955122144,-15,6
42125,2015,0,0,0,0,0,850,208000,4831,208000,240,208000,,,,,1898466.8,146114,9492334,2000,2021,14384985,208000,2014,0,16.0659950834451,-15,6
42125,2015,0,0,0,1,0,147,208000,690,208000,,,,,,,1898466.8,146114,9492334,2000,2021,14384985,208000,2014,0,16.0659950834451,-15,6
42125,2015,0,0,0,2,0,430,208000,776,208000,,,,,,,1898466.8,146114,9492334,2000,2021,14384985,208000,2014,0,16.0659950834451,-15,6
42125,2015,0,0,0,3,0,176,208000,1004,208000,,,,,,,1898466.8,146114,9492334,2000,2021,14384985,208000,2014,0,16.0659950834451,-15,6
42125,2016,0,0,0,0,0,804,207000,4770,207000,242,207000,,,,,1941035.6,6511,9705178,2000,2021,14384985,207000,2014,1,16.0881701154784,-15,6
42125,2016,0,0,0,1,0,159,207000,762,207000,,,,,,,1941035.6,6511,9705178,2000,2021,14384985,207000,2014,1,16.0881701154784,-15,6
42125,2016,0,0,0,2,0,415,207000,708,207000,,,,,,,1941035.6,6511,9705178,2000,2021,14384985,207000,2014,1,16.0881701154784,-15,6
42125,2016,0,0,0,3,0,139,207000,954,207000,,,,,,,1941035.6,6511,9705178,2000,2021,14384985,207000,2014,1,16.0881701154784,-15,6
42125,2017,0,0,0,0,0,815,207000,4678,207000,221,207000,,,,,4590824,4590824,9181648,2000,2021,14384985,207000,2014,2,16.0327172671819,-15,6
42125,2017,0,0,0,1,0,194,207000,785,207000,,,,,,,4590824,4590824,9181648,2000,2021,14384985,207000,2014,2,16.0327172671819,-15,6
42125,2017,0,0,0,2,0,380,207000,646,207000,,,,,,,4590824,4590824,9181648,2000,2021,14384985,207000,2014,2,16.0327172671819,-15,6
42125,2017,0,0,0,3,0,138,207000,894,207000,,,,,,,4590824,4590824,9181648,2000,2021,14384985,207000,2014,2,16.0327172671819,-15,6
42125,2018,0,0,0,0,0,640,207000,4324,207000,227,207000,,,,,9876324,9876324,9876324,2000,2021,14384985,207000,2014,3,16.1056509357135,-15,6
42125,2018,0,0,0,1,0,173,207000,624,207000,,,,,,,9876324,9876324,9876324,2000,2021,14384985,207000,2014,3,16.1056509357135,-15,6
42125,2018,0,0,0,2,0,289,207000,527,207000,,,,,,,9876324,9876324,9876324,2000,2021,14384985,207000,2014,3,16.1056509357135,-15,6
42125,2018,0,0,0,3,0,80,207000,772,207000,,,,,,,9876324,9876324,9876324,2000,2021,14384985,207000,2014,3,16.1056509357135,-15,6
48013,2004,0,0,0,0,0,248,42000,1325,42000,486,42000,69,42000,,,3089624,3089624,3089624,2000,2017,3637167,42000,2006,-3,14.9435599586221,-7,10
48013,2004,0,0,0,1,0,42,42000,121,42000,,,,,,,3089624,3089624,3089624,2000,2017,3637167,42000,2006,-3,14.9435599586221,-7,10
48013,2004,0,0,0,2,0,64,42000,480,42000,,,,,,,3089624,3089624,3089624,2000,2017,3637167,42000,2006,-3,14.9435599586221,-7,10
48013,2004,0,0,0,3,0,79,42000,211,42000,,,,,,,3089624,3089624,3089624,2000,2017,3637167,42000,2006,-3,14.9435599586221,-7,10
48013,2005,0,0,0,0,0,174,42400,1069,42400,504,42400,83,42400,771,42400,3328840,3328840,3328840,2000,2017,3637167,42400,2006,-2,15.0181344529209,-7,10
48013,2005,0,0,0,1,0,23,42400,101,42400,,,,,,,3328840,3328840,3328840,2000,2017,3637167,42400,2006,-2,15.0181344529209,-7,10
48013,2005,0,0,0,2,0,50,42400,293,42400,,,,,,,3328840,3328840,3328840,2000,2017,3637167,42400,2006,-2,15.0181344529209,-7,10
48013,2005,0,0,0,3,0,63,42400,196,42400,,,,,,,3328840,3328840,3328840,2000,2017,3637167,42400,2006,-2,15.0181344529209,-7,10
48013,2006,0,0,0,0,0,211,43000,1173,43000,510,43000,85,43000,878,43000,3637167,3637167,3637167,2000,2017,3637167,43000,2006,-1,15.1067156398795,-7,10
48013,2006,0,0,0,1,0,35,43000,121,43000,,,,,,,3637167,3637167,3637167,2000,2017,3637167,43000,2006,-1,15.1067156398795,-7,10
48013,2006,0,0,0,2,0,58,43000,263,43000,,,,,,,3637167,3637167,3637167,2000,2017,3637167,43000,2006,-1,15.1067156398795,-7,10
48013,2006,0,0,0,3,0,72,43000,214,43000,,,,,,,3637167,3637167,3637167,2000,2017,3637167,43000,2006,-1,15.1067156398795,-7,10
48013,2007,0,0,0,0,0,233,43500,1014,43500,482,43500,108,43500,904,43500,3121114,3121114,3121114,2000,2017,3637167,43500,2006,0,14.9537005473401,-7,10
48013,2007,0,0,0,1,0,31,43500,105,43500,,,,,,,3121114,3121114,3121114,2000,2017,3637167,43500,2006,0,14.9537005473401,-7,10
48013,2007,0,0,0,2,0,51,43500,221,43500,,,,,,,3121114,3121114,3121114,2000,2017,3637167,43500,2006,0,14.9537005473401,-7,10
48013,2007,0,0,0,3,0,94,43500,190,43500,,,,,,,3121114,3121114,3121114,2000,2017,3637167,43500,2006,0,14.9537005473401,-7,10
48013,2008,0,0,0,0,0,188,43900,832,43900,457,43900,90,43900,780,43900,3078762,3078762,3078762,2000,2017,3637167,43900,2006,1,14.940038126095,-7,10
48013,2008,0,0,0,1,0,25,43900,72,43900,,,,,,,3078762,3078762,3078762,2000,2017,3637167,43900,2006,1,14.940038126095,-7,10
48013,2008,0,0,0,2,0,42,43900,193,43900,,,,,,,3078762,3078762,3078762,2000,2017,3637167,43900,2006,1,14.940038126095,-7,10
48013,2008,0,0,0,3,0,74,43900,202,43900,,,,,,,3078762,3078762,3078762,2000,2017,3637167,43900,2006,1,14.940038126095,-7,10
48013,2009,0,0,0,0,0,180,44500,990,44500,436,44500,79,44500,764,44500,3158885,3158885,3158885,2000,2017,3637167,44500,2006,2,14.9657296751963,-7,10
48013,2009,0,0,0,1,0,36,44500,118,44500,,,,,,,3158885,3158885,3158885,2000,2017,3637167,44500,2006,2,14.9657296751963,-7,10
48013,2009,0,0,0,2,0,46,44500,197,44500,,,,,,,3158885,3158885,3158885,2000,2017,3637167,44500,2006,2,14.9657296751963,-7,10
48013,2009,0,0,0,3,0,49,44500,187,44500,,,,,,,3158885,3158885,3158885,2000,2017,3637167,44500,2006,2,14.9657296751963,-7,10
48013,2010,0,0,0,0,0,274,45000,887,45000,439,45000,94,45000,807,45000,3294198,3294198,3294198,2000,2017,3637167,45000,2006,3,15.0076732972029,-7,10
48013,2010,0,0,0,1,0,48,45000,66,45000,,,,,,,3294198,3294198,3294198,2000,2017,3637167,45000,2006,3,15.0076732972029,-7,10
48013,2010,0,0,0,2,0,86,45000,148,45000,,,,,,,3294198,3294198,3294198,2000,2017,3637167,45000,2006,3,15.0076732972029,-7,10
48013,2010,0,0,0,3,0,53,45000,168,45000,,,,,,,3294198,3294198,3294198,2000,2017,3637167,45000,2006,3,15.0076732972029,-7,10
48161,2004,0,0,0,0,0,744,18500,1777,18500,811,18500,149,18500,,,4339582,4339582,4339582,2000,2017,4462066,18500,2006,-3,15.2832885880741,-7,10
48161,2004,0,0,0,1,0,117,18500,135,18500,,,,,,,4339582,4339582,4339582,2000,2017,4462066,18500,2006,-3,15.2832885880741,-7,10
48161,2004,0,0,0,2,0,212,18500,394,18500,,,,,,,4339582,4339582,4339582,2000,2017,4462066,18500,2006,-3,15.2832885880741,-7,10
48161,2004,0,0,0,3,0,255,18500,306,18500,,,,,,,4339582,4339582,4339582,2000,2017,4462066,18500,2006,-3,15.2832885880741,-7,10
48161,2005,0,0,0,0,0,676,18600,1742,18600,828,18600,162,18600,1153,18600,4438449,4438449,4438449,2000,2017,4462066,18600,2006,-2,15.3058155490561,-7,10
48161,2005,0,0,0,1,0,109,18600,146,18600,,,,,,,4438449,4438449,4438449,2000,2017,4462066,18600,2006,-2,15.3058155490561,-7,10
48161,2005,0,0,0,2,0,187,18600,384,18600,,,,,,,4438449,4438449,4438449,2000,2017,4462066,18600,2006,-2,15.3058155490561,-7,10
48161,2005,0,0,0,3,0,226,18600,286,18600,,,,,,,4438449,4438449,4438449,2000,2017,4462066,18600,2006,-2,15.3058155490561,-7,10
48161,2006,0,0,0,0,0,728,18800,1847,18800,824,18800,176,18800,1092,18800,4462066,4462066,4462066,2000,2017,4462066,18800,2006,-1,15.3111224454385,-7,10
48161,2006,0,0,0,1,0,112,18800,147,18800,,,,,,,4462066,4462066,4462066,2000,2017,4462066,18800,2006,-1,15.3111224454385,-7,10
48161,2006,0,0,0,2,0,188,18800,381,18800,,,,,,,4462066,4462066,4462066,2000,2017,4462066,18800,2006,-1,15.3111224454385,-7,10
48161,2006,0,0,0,3,0,252,18800,312,18800,,,,,,,4462066,4462066,4462066,2000,2017,4462066,18800,2006,-1,15.3111224454385,-7,10
48161,2007,0,0,0,0,0,736,18800,1727,18800,829,18800,176,18800,1148,18800,3873359,3873359,3873359,2000,2017,4462066,18800,2006,0,15.169632647204,-7,10
48161,2007,0,0,0,1,0,114,18800,144,18800,,,,,,,3873359,3873359,3873359,2000,2017,4462066,18800,2006,0,15.169632647204,-7,10
48161,2007,0,0,0,2,0,204,18800,374,18800,,,,,,,3873359,3873359,3873359,2000,2017,4462066,18800,2006,0,15.169632647204,-7,10
48161,2007,0,0,0,3,0,237,18800,289,18800,,,,,,,3873359,3873359,3873359,2000,2017,4462066,18800,2006,0,15.169632647204,-7,10
48161,2008,0,0,0,0,0,741,19100,1665,19100,817,19100,177,19100,1030,19100,3338979,3338979,3338979,2000,2017,4462066,19100,2006,1,15.0211756295978,-7,10
48161,2008,0,0,0,1,0,122,19100,162,19100,,,,,,,3338979,3338979,3338979,2000,2017,4462066,19100,2006,1,15.0211756295978,-7,10
48161,2008,0,0,0,2,0,205,19100,364,19100,,,,,,,3338979,3338979,3338979,2000,2017,4462066,19100,2006,1,15.0211756295978,-7,10
48161,2008,0,0,0,3,0,231,19100,310,19100,,,,,,,3338979,3338979,3338979,2000,2017,4462066,19100,2006,1,15.0211756295978,-7,10
48161,2009,0,0,0,0,0,657,19300,1500,19300,814,19300,174,19300,1062,19300,3253584,3253584,3253584,2000,2017,4462066,19300,2006,2,14.9952677159334,-7,10
48161,2009,0,0,0,1,0,110,19300,149,19300,,,,,,,3253584,3253584,3253584,2000,2017,4462066,19300,2006,2,14.9952677159334,-7,10
48161,2009,0,0,0,2,0,181,19300,288,19300,,,,,,,3253584,3253584,3253584,2000,2017,4462066,19300,2006,2,14.9952677159334,-7,10
48161,2009,0,0,0,3,0,199,19300,297,19300,,,,,,,3253584,3253584,3253584,2000,2017,4462066,19300,2006,2,14.9952677159334,-7,10
48161,2010,0,0,0,0,0,608,19800,1255,19800,812,19800,172,19800,979,19800,2619451,2619451,2619451,2000,2017,4462066,19800,2006,3,14.7784753117956,-7,10
48161,2010,0,0,0,1,0,100,19800,121,19800,,,,,,,2619451,2619451,2619451,2000,2017,4462066,19800,2006,3,14.7784753117956,-7,10
48161,2010,0,0,0,2,0,164,19800,271,19800,,,,,,,2619451,2619451,2619451,2000,2017,4462066,19800,2006,3,14.7784753117956,-7,10
48161,2010,0,0,0,3,0,195,19800,244,19800,,,,,,,2619451,2619451,2619451,2000,2017,4462066,19800,2006,3,14.7784753117956,-7,10
48203,2003,0,0,0,0,0,337,61900,672,61900,723,61900,143,61900,,,4233031,4233031,4233031,2000,2017,4602752,61900,2005,-3,15.2584288428875,-6,11
48203,2003,0,0,0,1,0,48,61900,46,61900,,,,,,,4233031,4233031,4233031,2000,2017,4602752,61900,2005,-3,15.2584288428875,-6,11
48203,2003,0,0,0,2,0,111,61900,134,61900,,,,,,,4233031,4233031,4233031,2000,2017,4602752,61900,2005,-3,15.2584288428875,-6,11
48203,2003,0,0,0,3,0,114,61900,130,61900,,,,,,,4233031,4233031,4233031,2000,2017,4602752,61900,2005,-3,15.2584288428875,-6,11
48203,2004,0,0,0,0,0,424,62400,806,62400,728,62400,158,62400,,,4275227,4275227,4275227,2000,2017,4602752,62400,2005,-2,15.2683477583585,-6,11
48203,2004,0,0,0,1,0,68,62400,70,62400,,,,,,,4275227,4275227,4275227,2000,2017,4602752,62400,2005,-2,15.2683477583585,-6,11
48203,2004,0,0,0,2,0,143,62400,146,62400,,,,,,,4275227,4275227,4275227,2000,2017,4602752,62400,2005,-2,15.2683477583585,-6,11
48203,2004,0,0,0,3,0,128,62400,145,62400,,,,,,,4275227,4275227,4275227,2000,2017,4602752,62400,2005,-2,15.2683477583585,-6,11
48203,2005,0,0,0,0,0,461,62500,622,62500,744,62500,163,62500,929,62500,4602752,4602752,4602752,2000,2017,4602752,62500,2005,-1,15.3421649434422,-6,11
48203,2005,0,0,0,1,0,58,62500,41,62500,,,,,,,4602752,4602752,4602752,2000,2017,4602752,62500,2005,-1,15.3421649434422,-6,11
48203,2005,0,0,0,2,0,160,62500,97,62500,,,,,,,4602752,4602752,4602752,2000,2017,4602752,62500,2005,-1,15.3421649434422,-6,11
48203,2005,0,0,0,3,0,154,62500,138,62500,,,,,,,4602752,4602752,4602752,2000,2017,4602752,62500,2005,-1,15.3421649434422,-6,11
48203,2006,0,0,0,0,0,501,63300,1064,63300,736,63300,188,63300,1074,63300,3972626,3972626,3972626,2000,2017,4602752,63300,2005,0,15.1949378949517,-6,11
48203,2006,0,0,0,1,0,61,63300,94,63300,,,,,,,3972626,3972626,3972626,2000,2017,4602752,63300,2005,0,15.1949378949517,-6,11
48203,2006,0,0,0,2,0,160,63300,144,63300,,,,,,,3972626,3972626,3972626,2000,2017,4602752,63300,2005,0,15.1949378949517,-6,11
48203,2006,0,0,0,3,0,176,63300,208,63300,,,,,,,3972626,3972626,3972626,2000,2017,4602752,63300,2005,0,15.1949378949517,-6,11
48203,2007,0,0,0,0,0,501,63300,1082,63300,777,63300,161,63300,1154,63300,4153485,4153485,4153485,2000,2017,4602752,63300,2005,1,15.2394582988427,-6,11
48203,2007,0,0,0,1,0,59,63300,108,63300,,,,,,,4153485,4153485,4153485,2000,2017,4602752,63300,2005,1,15.2394582988427,-6,11
48203,2007,0,0,0,2,0,176,63300,137,63300,,,,,,,4153485,4153485,4153485,2000,2017,4602752,63300,2005,1,15.2394582988427,-6,11
48203,2007,0,0,0,3,0,156,63300,227,63300,,,,,,,4153485,4153485,4153485,2000,2017,4602752,63300,2005,1,15.2394582988427,-6,11
48203,2008,0,0,0,0,0,501,63700,1041,63700,765,63700,186,63700,1128,63700,4054916,4054916,4054916,2000,2017,4602752,63700,2005,2,15.2154405301506,-6,11
48203,2008,0,0,0,1,0,73,63700,122,63700,,,,,,,4054916,4054916,4054916,2000,2017,4602752,63700,2005,2,15.2154405301506,-6,11
48203,2008,0,0,0,2,0,186,63700,149,63700,,,,,,,4054916,4054916,4054916,2000,2017,4602752,63700,2005,2,15.2154405301506,-6,11
48203,2008,0,0,0,3,0,133,63700,228,63700,,,,,,,4054916,4054916,4054916,2000,2017,4602752,63700,2005,2,15.2154405301506,-6,11
48203,2009,0,0,0,0,0,485,64700,879,64700,752,64700,172,64700,1031,64700,3845279,3845279,3845279,2000,2017,4602752,64700,2005,3,15.1623567200579,-6,11
48203,2009,0,0,0,1,0,54,64700,107,64700,,,,,,,3845279,3845279,3845279,2000,2017,4602752,64700,2005,3,15.1623567200579,-6,11
48203,2009,0,0,0,2,0,185,64700,127,64700,,,,,,,3845279,3845279,3845279,2000,2017,4602752,64700,2005,3,15.1623567200579,-6,11
48203,2009,0,0,0,3,0,113,64700,157,64700,,,,,,,3845279,3845279,3845279,2000,2017,4602752,64700,2005,3,15.1623567200579,-6,11
48223,2002,0,0,0,0,0,943,32300,1744,32300,790,32300,160,32300,,,2354346,2354346,2354346,2000,2016,2580770,32300,2004,-3,14.6717735398586,-5,11
48223,2002,0,0,0,1,0,153,32300,123,32300,,,,,,,2354346,2354346,2354346,2000,2016,2580770,32300,2004,-3,14.6717735398586,-5,11
48223,2002,0,0,0,2,0,223,32300,633,32300,,,,,,,2354346,2354346,2354346,2000,2016,2580770,32300,2004,-3,14.6717735398586,-5,11
48223,2002,0,0,0,3,0,364,32300,219,32300,,,,,,,2354346,2354346,2354346,2000,2016,2580770,32300,2004,-3,14.6717735398586,-5,11
48223,2003,0,0,0,0,0,930,32500,1770,32500,800,32500,128,32500,,,2464563,2464563,2464563,2000,2016,2580770,32500,2004,-2,14.7175250677954,-5,11
48223,2003,0,0,0,1,0,153,32500,126,32500,,,,,,,2464563,2464563,2464563,2000,2016,2580770,32500,2004,-2,14.7175250677954,-5,11
48223,2003,0,0,0,2,0,257,32500,648,32500,,,,,,,2464563,2464563,2464563,2000,2016,2580770,32500,2004,-2,14.7175250677954,-5,11
48223,2003,0,0,0,3,0,335,32500,254,32500,,,,,,,2464563,2464563,2464563,2000,2016,2580770,32500,2004,-2,14.7175250677954,-5,11
48223,2004,0,0,0,0,0,1059,32900,1991,32900,843,32900,151,32900,,,2580770,2580770,2580770,2000,2016,2580770,32900,2004,-1,14.763598361983,-5,11
48223,2004,0,0,0,1,0,115,32900,131,32900,,,,,,,2580770,2580770,2580770,2000,2016,2580770,32900,2004,-1,14.763598361983,-5,11
48223,2004,0,0,0,2,0,294,32900,681,32900,,,,,,,2580770,2580770,2580770,2000,2016,2580770,32900,2004,-1,14.763598361983,-5,11
48223,2004,0,0,0,3,0,463,32900,291,32900,,,,,,,2580770,2580770,2580770,2000,2016,2580770,32900,2004,-1,14.763598361983,-5,11
48223,2005,0,0,0,0,0,1121,33100,1736,33100,864,33100,171,33100,1146,33100,2508860,2508860,2508860,2000,2016,2580770,33100,2004,0,14.7353390246686,-5,11
48223,2005,0,0,0,1,0,167,33100,123,33100,,,,,,,2508860,2508860,2508860,2000,2016,2580770,33100,2004,0,14.7353390246686,-5,11
48223,2005,0,0,0,2,0,280,33100,523,33100,,,,,,,2508860,2508860,2508860,2000,2016,2580770,33100,2004,0,14.7353390246686,-5,11
48223,2005,0,0,0,3,0,495,33100,262,33100,,,,,,,2508860,2508860,2508860,2000,2016,2580770,33100,2004,0,14.7353390246686,-5,11
48223,2006,0,0,0,0,0,1404,33500,1873,33500,926,33500,187,33500,1189,33500,2534549,2534549,2534549,2000,2016,2580770,33500,2004,1,14.7455262699095,-5,11
48223,2006,0,0,0,1,0,153,33500,116,33500,,,,,,,2534549,2534549,2534549,2000,2016,2580770,33500,2004,1,14.7455262699095,-5,11
48223,2006,0,0,0,2,0,414,33500,504,33500,,,,,,,2534549,2534549,2534549,2000,2016,2580770,33500,2004,1,14.7455262699095,-5,11
48223,2006,0,0,0,3,0,632,33500,292,33500,,,,,,,2534549,2534549,2534549,2000,2016,2580770,33500,2004,1,14.7455262699095,-5,11
48223,2007,0,0,0,0,0,1293,34000,1784,34000,933,34000,205,34000,1160,34000,2134207,2134207,2134207,2000,2016,2580770,34000,2004,2,14.5736057070768,-5,11
48223,2007,0,0,0,1,0,167,34000,115,34000,,,,,,,2134207,2134207,2134207,2000,2016,2580770,34000,2004,2,14.5736057070768,-5,11
48223,2007,0,0,0,2,0,393,34000,444,34000,,,,,,,2134207,2134207,2134207,2000,2016,2580770,34000,2004,2,14.5736057070768,-5,11
48223,2007,0,0,0,3,0,493,34000,305,34000,,,,,,,2134207,2134207,2134207,2000,2016,2580770,34000,2004,2,14.5736057070768,-5,11
48223,2008,0,0,0,0,0,1534,34200,1617,34200,907,34200,216,34200,1013,34200,1943419,1943419,1943419,2000,2016,2580770,34200,2004,3,14.4799593510197,-5,11
48223,2008,0,0,0,1,0,208,34200,139,34200,,,,,,,1943419,1943419,1943419,2000,2016,2580770,34200,2004,3,14.4799593510197,-5,11
48223,2008,0,0,0,2,0,500,34200,421,34200,,,,,,,1943419,1943419,1943419,2000,2016,2580770,34200,2004,3,14.4799593510197,-5,11
48223,2008,0,0,0,3,0,538,34200,274,34200,,,,,,,1943419,1943419,1943419,2000,2016,2580770,34200,2004,3,14.4799593510197,-5,11
48365,2005,0,0,0,0,0,461,22900,622,22900,744,22900,163,22900,929,22900,3513919,3513919,7027838,2000,2017,8329657,22900,2007,-3,15.7653896773689,-8,9
48365,2005,0,0,0,1,0,58,22900,41,22900,,,,,,,3513919,3513919,7027838,2000,2017,8329657,22900,2007,-3,15.7653896773689,-8,9
48365,2005,0,0,0,2,0,160,22900,97,22900,,,,,,,3513919,3513919,7027838,2000,2017,8329657,22900,2007,-3,15.7653896773689,-8,9
48365,2005,0,0,0,3,0,154,22900,138,22900,,,,,,,3513919,3513919,7027838,2000,2017,8329657,22900,2007,-3,15.7653896773689,-8,9
48365,2006,0,0,0,0,0,501,23100,1064,23100,736,23100,188,23100,1074,23100,3596707,3596707,7193414,2000,2017,8329657,23100,2007,-2,15.7886764431504,-8,9
48365,2006,0,0,0,1,0,61,23100,94,23100,,,,,,,3596707,3596707,7193414,2000,2017,8329657,23100,2007,-2,15.7886764431504,-8,9
48365,2006,0,0,0,2,0,160,23100,144,23100,,,,,,,3596707,3596707,7193414,2000,2017,8329657,23100,2007,-2,15.7886764431504,-8,9
48365,2006,0,0,0,3,0,176,23100,208,23100,,,,,,,3596707,3596707,7193414,2000,2017,8329657,23100,2007,-2,15.7886764431504,-8,9
48365,2007,0,0,0,0,0,501,23000,1082,23000,777,23000,161,23000,1154,23000,4164828.5,4164828.5,8329657,2000,2017,8329657,23000,2007,-1,15.9353328368247,-8,9
48365,2007,0,0,0,1,0,59,23000,108,23000,,,,,,,4164828.5,4164828.5,8329657,2000,2017,8329657,23000,2007,-1,15.9353328368247,-8,9
48365,2007,0,0,0,2,0,176,23000,137,23000,,,,,,,4164828.5,4164828.5,8329657,2000,2017,8329657,23000,2007,-1,15.9353328368247,-8,9
48365,2007,0,0,0,3,0,156,23000,227,23000,,,,,,,4164828.5,4164828.5,8329657,2000,2017,8329657,23000,2007,-1,15.9353328368247,-8,9
48365,2008,0,0,0,0,0,501,23200,1041,23200,765,23200,186,23200,1128,23200,3442870,3442870,6885740,2000,2017,8329657,23200,2007,0,15.7449631643984,-8,9
48365,2008,0,0,0,1,0,73,23200,122,23200,,,,,,,3442870,3442870,6885740,2000,2017,8329657,23200,2007,0,15.7449631643984,-8,9
48365,2008,0,0,0,2,0,186,23200,149,23200,,,,,,,3442870,3442870,6885740,2000,2017,8329657,23200,2007,0,15.7449631643984,-8,9
48365,2008,0,0,0,3,0,133,23200,228,23200,,,,,,,3442870,3442870,6885740,2000,2017,8329657,23200,2007,0,15.7449631643984,-8,9
48365,2009,0,0,0,0,0,485,23200,879,23200,752,23200,172,23200,1031,23200,2710228.5,2710228.5,5420457,2000,2017,8329657,23200,2007,1,15.5056906872045,-8,9
48365,2009,0,0,0,1,0,54,23200,107,23200,,,,,,,2710228.5,2710228.5,5420457,2000,2017,8329657,23200,2007,1,15.5056906872045,-8,9
48365,2009,0,0,0,2,0,185,23200,127,23200,,,,,,,2710228.5,2710228.5,5420457,2000,2017,8329657,23200,2007,1,15.5056906872045,-8,9
48365,2009,0,0,0,3,0,113,23200,157,23200,,,,,,,2710228.5,2710228.5,5420457,2000,2017,8329657,23200,2007,1,15.5056906872045,-8,9
48365,2010,0,0,0,0,0,378,23800,752,23800,717,23800,154,23800,1040,23800,3602826.5,3602826.5,7205653,2000,2017,8329657,23800,2007,2,15.7903764148149,-8,9
48365,2010,0,0,0,1,0,59,23800,93,23800,,,,,,,3602826.5,3602826.5,7205653,2000,2017,8329657,23800,2007,2,15.7903764148149,-8,9
48365,2010,0,0,0,2,0,124,23800,103,23800,,,,,,,3602826.5,3602826.5,7205653,2000,2017,8329657,23800,2007,2,15.7903764148149,-8,9
48365,2010,0,0,0,3,0,98,23800,145,23800,,,,,,,3602826.5,3602826.5,7205653,2000,2017,8329657,23800,2007,2,15.7903764148149,-8,9
48365,2011,0,0,0,0,0,371,24000,866,24000,672,24000,165,24000,857,24000,3527570.5,3527570.5,7055141,2000,2017,8329657,24000,2007,3,15.769267128895,-8,9
48365,2011,0,0,0,1,0,43,24000,99,24000,,,,,,,3527570.5,3527570.5,7055141,2000,2017,8329657,24000,2007,3,15.769267128895,-8,9
48365,2011,0,0,0,2,0,159,24000,141,24000,,,,,,,3527570.5,3527570.5,7055141,2000,2017,8329657,24000,2007,3,15.769267128895,-8,9
48365,2011,0,0,0,3,0,88,24000,151,24000,,,,,,,3527570.5,3527570.5,7055141,2000,2017,8329657,24000,2007,3,15.769267128895,-8,9
48395,2001,0,0,0,0,0,573,16000,1759,16000,753,16000,160,16000,,,2143975,2143975,2143975,2000,2017,2223039,16000,2003,-3,14.5781721406571,-4,13
48395,2001,0,0,0,1,0,84,16000,128,16000,,,,,,,2143975,2143975,2143975,2000,2017,2223039,16000,2003,-3,14.5781721406571,-4,13
48395,2001,0,0,0,2,0,171,16000,365,16000,,,,,,,2143975,2143975,2143975,2000,2017,2223039,16000,2003,-3,14.5781721406571,-4,13
48395,2001,0,0,0,3,0,192,16000,271,16000,,,,,,,2143975,2143975,2143975,2000,2017,2223039,16000,2003,-3,14.5781721406571,-4,13
48395,2002,0,0,0,0,0,644,15800,1598,15800,780,15800,140,15800,,,1928602,1928602,1928602,2000,2017,2223039,15800,2003,-2,14.4723059460796,-4,13
48395,2002,0,0,0,1,0,104,15800,122,15800,,,,,,,1928602,1928602,1928602,2000,2017,2223039,15800,2003,-2,14.4723059460796,-4,13
48395,2002,0,0,0,2,0,178,15800,331,15800,,,,,,,1928602,1928602,1928602,2000,2017,2223039,15800,2003,-2,14.4723059460796,-4,13
48395,2002,0,0,0,3,0,218,15800,246,15800,,,,,,,1928602,1928602,1928602,2000,2017,2223039,15800,2003,-2,14.4723059460796,-4,13
48395,2003,0,0,0,0,0,702,15800,1755,15800,796,15800,149,15800,,,2223039,2223039,2223039,2000,2017,2223039,15800,2003,-1,14.6143857366521,-4,13
48395,2003,0,0,0,1,0,109,15800,130,15800,,,,,,,2223039,2223039,2223039,2000,2017,2223039,15800,2003,-1,14.6143857366521,-4,13
48395,2003,0,0,0,2,0,196,15800,393,15800,,,,,,,2223039,2223039,2223039,2000,2017,2223039,15800,2003,-1,14.6143857366521,-4,13
48395,2003,0,0,0,3,0,244,15800,303,15800,,,,,,,2223039,2223039,2223039,2000,2017,2223039,15800,2003,-1,14.6143857366521,-4,13
48395,2004,0,0,0,0,0,744,15800,1777,15800,811,15800,149,15800,,,1944757,1944757,1944757,2000,2017,2223039,15800,2003,0,14.4806475914969,-4,13
48395,2004,0,0,0,1,0,117,15800,135,15800,,,,,,,1944757,1944757,1944757,2000,2017,2223039,15800,2003,0,14.4806475914969,-4,13
48395,2004,0,0,0,2,0,212,15800,394,15800,,,,,,,1944757,1944757,1944757,2000,2017,2223039,15800,2003,0,14.4806475914969,-4,13
48395,2004,0,0,0,3,0,255,15800,306,15800,,,,,,,1944757,1944757,1944757,2000,2017,2223039,15800,2003,0,14.4806475914969,-4,13
48395,2005,0,0,0,0,0,676,16000,1742,16000,828,16000,162,16000,1153,16000,2178792,2178792,2178792,2000,2017,2223039,16000,2003,1,14.594281152739,-4,13
48395,2005,0,0,0,1,0,109,16000,146,16000,,,,,,,2178792,2178792,2178792,2000,2017,2223039,16000,2003,1,14.594281152739,-4,13
48395,2005,0,0,0,2,0,187,16000,384,16000,,,,,,,2178792,2178792,2178792,2000,2017,2223039,16000,2003,1,14.594281152739,-4,13
48395,2005,0,0,0,3,0,226,16000,286,16000,,,,,,,2178792,2178792,2178792,2000,2017,2223039,16000,2003,1,14.594281152739,-4,13
48395,2006,0,0,0,0,0,728,16000,1847,16000,824,16000,176,16000,1092,16000,1788496,1788496,1788496,2000,2017,2223039,16000,2003,2,14.3968856011677,-4,13
48395,2006,0,0,0,1,0,112,16000,147,16000,,,,,,,1788496,1788496,1788496,2000,2017,2223039,16000,2003,2,14.3968856011677,-4,13
48395,2006,0,0,0,2,0,188,16000,381,16000,,,,,,,1788496,1788496,1788496,2000,2017,2223039,16000,2003,2,14.3968856011677,-4,13
48395,2006,0,0,0,3,0,252,16000,312,16000,,,,,,,1788496,1788496,1788496,2000,2017,2223039,16000,2003,2,14.3968856011677,-4,13
48395,2007,0,0,0,0,0,736,15800,1727,15800,829,15800,176,15800,1148,15800,1902877,1902877,1902877,2000,2017,2223039,15800,2003,3,14.4588775094022,-4,13
48395,2007,0,0,0,1,0,114,15800,144,15800,,,,,,,1902877,1902877,1902877,2000,2017,2223039,15800,2003,3,14.4588775094022,-4,13
48395,2007,0,0,0,2,0,204,15800,374,15800,,,,,,,1902877,1902877,1902877,2000,2017,2223039,15800,2003,3,14.4588775094022,-4,13
48395,2007,0,0,0,3,0,237,15800,289,15800,,,,,,,1902877,1902877,1902877,2000,2017,2223039,15800,2003,3,14.4588775094022,-4,13
51027,2009,0,0,0,0,0,3708,22800,10607,22800,,,,,,,151104.866666667,62614,6799719,2009,2019,9315749,22800,2011,-3,15.7323918457631,-3,7
51027,2009,0,0,0,1,0,293,22800,468,22800,,,,,,,151104.866666667,62614,6799719,2009,2019,9315749,22800,2011,-3,15.7323918457631,-3,7
51027,2009,0,0,0,2,0,1807,22800,2849,22800,,,,,,,151104.866666667,62614,6799719,2009,2019,9315749,22800,2011,-3,15.7323918457631,-3,7
51027,2009,0,0,0,3,0,1005,22800,846,22800,,,,,,,151104.866666667,62614,6799719,2009,2019,9315749,22800,2011,-3,15.7323918457631,-3,7
51027,2010,0,0,0,0,0,3464,24100,9555,24100,,,,,,,213269.658536585,48386,8744056,2009,2019,9315749,24100,2011,-2,15.9838847132096,-3,7
51027,2010,0,0,0,1,0,256,24100,434,24100,,,,,,,213269.658536585,48386,8744056,2009,2019,9315749,24100,2011,-2,15.9838847132096,-3,7
51027,2010,0,0,0,2,0,1747,24100,1891,24100,,,,,,,213269.658536585,48386,8744056,2009,2019,9315749,24100,2011,-2,15.9838847132096,-3,7
51027,2010,0,0,0,3,0,934,24100,690,24100,,,,,,,213269.658536585,48386,8744056,2009,2019,9315749,24100,2011,-2,15.9838847132096,-3,7
51027,2011,0,0,0,0,0,3666,23800,9645,23800,,,,,,,221803.547619048,43043,9315749,2009,2019,9315749,23800,2011,-1,16.0472169667295,-3,7
51027,2011,0,0,0,1,0,265,23800,399,23800,,,,,,,221803.547619048,43043,9315749,2009,2019,9315749,23800,2011,-1,16.0472169667295,-3,7
51027,2011,0,0,0,2,0,1973,23800,2005,23800,,,,,,,221803.547619048,43043,9315749,2009,2019,9315749,23800,2011,-1,16.0472169667295,-3,7
51027,2011,0,0,0,3,0,908,23800,820,23800,,,,,,,221803.547619048,43043,9315749,2009,2019,9315749,23800,2011,-1,16.0472169667295,-3,7
51027,2012,0,0,0,0,0,3641,23800,9451,23800,,,,,,,159641.266666667,49346,7183857,2009,2019,9315749,23800,2011,0,15.7873469834208,-3,7
51027,2012,0,0,0,1,0,274,23800,366,23800,,,,,,,159641.266666667,49346,7183857,2009,2019,9315749,23800,2011,0,15.7873469834208,-3,7
51027,2012,0,0,0,2,0,1964,23800,1853,23800,,,,,,,159641.266666667,49346,7183857,2009,2019,9315749,23800,2011,0,15.7873469834208,-3,7
51027,2012,0,0,0,3,0,829,23800,930,23800,,,,,,,159641.266666667,49346,7183857,2009,2019,9315749,23800,2011,0,15.7873469834208,-3,7
51027,2013,0,0,0,0,0,3874,23600,9830,23600,,,,,,,213753.222222222,41961.5,7695116,2009,2019,9315749,23600,2011,1,15.8560963998653,-3,7
51027,2013,0,0,0,1,0,305,23600,377,23600,,,,,,,213753.222222222,41961.5,7695116,2009,2019,9315749,23600,2011,1,15.8560963998653,-3,7
51027,2013,0,0,0,2,0,1893,23600,2489,23600,,,,,,,213753.222222222,41961.5,7695116,2009,2019,9315749,23600,2011,1,15.8560963998653,-3,7
51027,2013,0,0,0,3,0,1054,23600,903,23600,,,,,,,213753.222222222,41961.5,7695116,2009,2019,9315749,23600,2011,1,15.8560963998653,-3,7
51027,2014,0,0,0,0,0,3539,23200,10050,23200,,,,,,,180589.1,34403,7223564,2009,2019,9315749,23200,2011,2,15.7928590178833,-3,7
51027,2014,0,0,0,1,0,279,23200,383,23200,,,,,,,180589.1,34403,7223564,2009,2019,9315749,23200,2011,2,15.7928590178833,-3,7
51027,2014,0,0,0,2,0,1615,23200,2445,23200,,,,,,,180589.1,34403,7223564,2009,2019,9315749,23200,2011,2,15.7928590178833,-3,7
51027,2014,0,0,0,3,0,1074,23200,930,23200,,,,,,,180589.1,34403,7223564,2009,2019,9315749,23200,2011,2,15.7928590178833,-3,7
51027,2015,0,0,0,0,0,3568,22800,9392,22800,,,,,,,202873.885714286,47881,7100586,2009,2019,9315749,22800,2011,3,15.775687873817,-3,7
51027,2015,0,0,0,1,0,259,22800,317,22800,,,,,,,202873.885714286,47881,7100586,2009,2019,9315749,22800,2011,3,15.775687873817,-3,7
51027,2015,0,0,0,2,0,1358,22800,1561,22800,,,,,,,202873.885714286,47881,7100586,2009,2019,9315749,22800,2011,3,15.775687873817,-3,7
51027,2015,0,0,0,3,0,1445,22800,1029,22800,,,,,,,202873.885714286,47881,7100586,2009,2019,9315749,22800,2011,3,15.775687873817,-3,7
51051,2013,0,0,0,0,0,2740,15500,8224,15500,,,,,,,196820.055555556,76467.5,3542761,2009,2019,3585016,15500,2015,-3,15.0804169246149,-7,3
51051,2013,0,0,0,1,0,288,15500,600,15500,,,,,,,196820.055555556,76467.5,3542761,2009,2019,3585016,15500,2015,-3,15.0804169246149,-7,3
51051,2013,0,0,0,2,0,1373,15500,1751,15500,,,,,,,196820.055555556,76467.5,3542761,2009,2019,3585016,15500,2015,-3,15.0804169246149,-7,3
51051,2013,0,0,0,3,0,699,15500,594,15500,,,,,,,196820.055555556,76467.5,3542761,2009,2019,3585016,15500,2015,-3,15.0804169246149,-7,3
51051,2014,0,0,0,0,0,2676,15300,8239,15300,,,,,,,216613.9375,46568,3465823,2009,2019,3585016,15300,2015,-2,15.0584606804407,-7,3
51051,2014,0,0,0,1,0,294,15300,499,15300,,,,,,,216613.9375,46568,3465823,2009,2019,3585016,15300,2015,-2,15.0584606804407,-7,3
51051,2014,0,0,0,2,0,1369,15300,1661,15300,,,,,,,216613.9375,46568,3465823,2009,2019,3585016,15300,2015,-2,15.0584606804407,-7,3
51051,2014,0,0,0,3,0,682,15300,649,15300,,,,,,,216613.9375,46568,3465823,2009,2019,3585016,15300,2015,-2,15.0584606804407,-7,3
51051,2015,0,0,0,0,0,2723,15200,7571,15200,,,,,,,239001.066666667,120064,3585016,2009,2019,3585016,15200,2015,-1,15.0922734950463,-7,3
51051,2015,0,0,0,1,0,290,15200,451,15200,,,,,,,239001.066666667,120064,3585016,2009,2019,3585016,15200,2015,-1,15.0922734950463,-7,3
51051,2015,0,0,0,2,0,1131,15200,1574,15200,,,,,,,239001.066666667,120064,3585016,2009,2019,3585016,15200,2015,-1,15.0922734950463,-7,3
51051,2015,0,0,0,3,0,1010,15200,704,15200,,,,,,,239001.066666667,120064,3585016,2009,2019,3585016,15200,2015,-1,15.0922734950463,-7,3
51051,2016,0,0,0,0,0,2377,15000,7007,15000,,,,,,,233379.866666667,42324,3500698,2009,2019,3585016,15000,2015,0,15.0684729351478,-7,3
51051,2016,0,0,0,1,0,314,15000,468,15000,,,,,,,233379.866666667,42324,3500698,2009,2019,3585016,15000,2015,0,15.0684729351478,-7,3
51051,2016,0,0,0,2,0,841,15000,1320,15000,,,,,,,233379.866666667,42324,3500698,2009,2019,3585016,15000,2015,0,15.0684729351478,-7,3
51051,2016,0,0,0,3,0,898,15000,603,15000,,,,,,,233379.866666667,42324,3500698,2009,2019,3585016,15000,2015,0,15.0684729351478,-7,3
51051,2017,0,0,0,0,0,2413,14700,7225,14700,,,,,,,258287.538461538,76093,3357738,2009,2019,3585016,14700,2015,1,15.0267780909432,-7,3
51051,2017,0,0,0,1,0,242,14700,413,14700,,,,,,,258287.538461538,76093,3357738,2009,2019,3585016,14700,2015,1,15.0267780909432,-7,3
51051,2017,0,0,0,2,0,892,14700,1232,14700,,,,,,,258287.538461538,76093,3357738,2009,2019,3585016,14700,2015,1,15.0267780909432,-7,3
51051,2017,0,0,0,3,0,870,14700,944,14700,,,,,,,258287.538461538,76093,3357738,2009,2019,3585016,14700,2015,1,15.0267780909432,-7,3
51051,2018,0,0,0,0,0,2601,14500,7374,14500,,,,,,,257004,96072,3341052,2009,2019,3585016,14500,2015,2,15.0217962854201,-7,3
51051,2018,0,0,0,1,0,263,14500,346,14500,,,,,,,257004,96072,3341052,2009,2019,3585016,14500,2015,2,15.0217962854201,-7,3
51051,2018,0,0,0,2,0,689,14500,1228,14500,,,,,,,257004,96072,3341052,2009,2019,3585016,14500,2015,2,15.0217962854201,-7,3
51051,2018,0,0,0,3,0,1236,14500,1236,14500,,,,,,,257004,96072,3341052,2009,2019,3585016,14500,2015,2,15.0217962854201,-7,3
51051,2019,0,0,0,0,0,2918,14300,7641,14300,,,,,,,319374.727272727,68687,3513122,2009,2019,3585016,14300,2015,3,15.0720156587975,-7,3
51051,2019,0,0,0,1,0,231,14300,385,14300,,,,,,,319374.727272727,68687,3513122,2009,2019,3585016,14300,2015,3,15.0720156587975,-7,3
51051,2019,0,0,0,2,0,720,14300,1276,14300,,,,,,,319374.727272727,68687,3513122,2009,2019,3585016,14300,2015,3,15.0720156587975,-7,3
51051,2019,0,0,0,3,0,1454,14300,1145,14300,,,,,,,319374.727272727,68687,3513122,2009,2019,3585016,14300,2015,3,15.0720156587975,-7,3
51185,2010,0,0,0,0,0,3464,45100,9555,45100,,,,,,,235809,184029.5,943236,2009,2019,1410408,45100,2012,-3,13.7570717954159,-4,6
51185,2010,0,0,0,1,0,256,45100,434,45100,,,,,,,235809,184029.5,943236,2009,2019,1410408,45100,2012,-3,13.7570717954159,-4,6
51185,2010,0,0,0,2,0,1747,45100,1891,45100,,,,,,,235809,184029.5,943236,2009,2019,1410408,45100,2012,-3,13.7570717954159,-4,6
51185,2010,0,0,0,3,0,934,45100,690,45100,,,,,,,235809,184029.5,943236,2009,2019,1410408,45100,2012,-3,13.7570717954159,-4,6
51185,2011,0,0,0,0,0,3666,44700,9645,44700,,,,,,,186430.833333333,30240,1118585,2009,2019,1410408,44700,2012,-2,13.9275750516605,-4,6
51185,2011,0,0,0,1,0,265,44700,399,44700,,,,,,,186430.833333333,30240,1118585,2009,2019,1410408,44700,2012,-2,13.9275750516605,-4,6
51185,2011,0,0,0,2,0,1973,44700,2005,44700,,,,,,,186430.833333333,30240,1118585,2009,2019,1410408,44700,2012,-2,13.9275750516605,-4,6
51185,2011,0,0,0,3,0,908,44700,820,44700,,,,,,,186430.833333333,30240,1118585,2009,2019,1410408,44700,2012,-2,13.9275750516605,-4,6
51185,2012,0,0,0,0,0,3641,44300,9451,44300,,,,,,,282081.6,228312,1410408,2009,2019,1410408,44300,2012,-1,14.1593895821995,-4,6
51185,2012,0,0,0,1,0,274,44300,366,44300,,,,,,,282081.6,228312,1410408,2009,2019,1410408,44300,2012,-1,14.1593895821995,-4,6
51185,2012,0,0,0,2,0,1964,44300,1853,44300,,,,,,,282081.6,228312,1410408,2009,2019,1410408,44300,2012,-1,14.1593895821995,-4,6
51185,2012,0,0,0,3,0,829,44300,930,44300,,,,,,,282081.6,228312,1410408,2009,2019,1410408,44300,2012,-1,14.1593895821995,-4,6
51185,2013,0,0,0,0,0,3874,44000,9830,44000,,,,,,,249619,355917,1248095,2009,2019,1410408,44000,2012,0,14.0371289468093,-4,6
51185,2013,0,0,0,1,0,305,44000,377,44000,,,,,,,249619,355917,1248095,2009,2019,1410408,44000,2012,0,14.0371289468093,-4,6
51185,2013,0,0,0,2,0,1893,44000,2489,44000,,,,,,,249619,355917,1248095,2009,2019,1410408,44000,2012,0,14.0371289468093,-4,6
51185,2013,0,0,0,3,0,1054,44000,903,44000,,,,,,,249619,355917,1248095,2009,2019,1410408,44000,2012,0,14.0371289468093,-4,6
51185,2014,0,0,0,0,0,3539,43400,10050,43400,,,,,,,189228.857142857,77282,1324602,2009,2019,1410408,43400,2012,1,14.0966225949217,-4,6
51185,2014,0,0,0,1,0,279,43400,383,43400,,,,,,,189228.857142857,77282,1324602,2009,2019,1410408,43400,2012,1,14.0966225949217,-4,6
51185,2014,0,0,0,2,0,1615,43400,2445,43400,,,,,,,189228.857142857,77282,1324602,2009,2019,1410408,43400,2012,1,14.0966225949217,-4,6
51185,2014,0,0,0,3,0,1074,43400,930,43400,,,,,,,189228.857142857,77282,1324602,2009,2019,1410408,43400,2012,1,14.0966225949217,-4,6
51185,2015,0,0,0,0,0,3568,42900,9392,42900,,,,,,,121494.333333333,70880,728966,2009,2019,1410408,42900,2012,2,13.4993823706713,-4,6
51185,2015,0,0,0,1,0,259,42900,317,42900,,,,,,,121494.333333333,70880,728966,2009,2019,1410408,42900,2012,2,13.4993823706713,-4,6
51185,2015,0,0,0,2,0,1358,42900,1561,42900,,,,,,,121494.333333333,70880,728966,2009,2019,1410408,42900,2012,2,13.4993823706713,-4,6
51185,2015,0,0,0,3,0,1445,42900,1029,42900,,,,,,,121494.333333333,70880,728966,2009,2019,1410408,42900,2012,2,13.4993823706713,-4,6
51185,2016,0,0,0,0,0,3722,42200,9470,42200,,,,,,,62536.25,22225,250145,2009,2019,1410408,42200,2012,3,12.4297960287094,-4,6
51185,2016,0,0,0,1,0,342,42200,311,42200,,,,,,,62536.25,22225,250145,2009,2019,1410408,42200,2012,3,12.4297960287094,-4,6
51185,2016,0,0,0,2,0,1287,42200,1542,42200,,,,,,,62536.25,22225,250145,2009,2019,1410408,42200,2012,3,12.4297960287094,-4,6
51185,2016,0,0,0,3,0,1555,42200,1195,42200,,,,,,,62536.25,22225,250145,2009,2019,1410408,42200,2012,3,12.4297960287094,-4,6
